;school;sex;age;address;famsize;Pstatus;Medu;Fedu;Mjob;Fjob;reason;guardian;traveltime;studytime;failures;schoolsup;famsup;paid;activities;nursery;higher;internet;romantic;famrel;freetime;goout;Dalc;Walc;health;absences;G1;G2;G3
0;GP;0;18;U;GT3;A;4;4;at_home;teacher;course;mother;2;2;0;1;0;0;0;1;1;0;0;4;3;4;1;1;3;6;5;6;6
1;GP;0;17;U;GT3;T;1;1;at_home;other;course;father;1;2;0;0;1;0;0;0;1;1;0;5;3;3;1;1;3;4;5;5;6
2;GP;0;15;U;LE3;T;1;1;at_home;other;other;mother;1;2;3;1;0;1;0;1;1;1;0;4;3;2;2;3;3;10;7;8;10
3;GP;0;15;U;GT3;T;4;2;health;services;home;mother;1;3;0;0;1;1;1;1;1;1;1;3;2;2;1;1;5;2;15;14;15
4;GP;0;16;U;GT3;T;3;3;other;other;home;father;1;2;0;0;1;1;0;1;1;0;0;4;3;2;1;2;5;4;6;10;10
5;GP;1;16;U;LE3;T;4;3;services;other;reputation;mother;1;2;0;0;1;1;1;1;1;1;0;5;4;2;1;2;5;10;15;15;15
6;GP;1;16;U;LE3;T;2;2;other;other;home;mother;1;2;0;0;0;0;0;1;1;1;0;4;4;4;1;1;3;0;12;12;11
7;GP;0;17;U;GT3;A;4;4;other;teacher;home;mother;2;2;0;1;1;0;0;1;1;0;0;4;1;4;1;1;1;6;6;5;6
8;GP;1;15;U;LE3;A;3;2;services;other;home;mother;1;2;0;0;1;1;0;1;1;1;0;4;2;2;1;1;1;0;16;18;19
9;GP;1;15;U;GT3;T;3;4;other;other;home;mother;1;2;0;0;1;1;1;1;1;1;0;5;5;1;1;1;5;0;14;15;15
10;GP;0;15;U;GT3;T;4;4;teacher;health;reputation;mother;1;2;0;0;1;1;0;1;1;1;0;3;3;3;1;2;2;0;10;8;9
11;GP;0;15;U;GT3;T;2;1;services;other;reputation;father;3;3;0;0;1;0;1;1;1;1;0;5;2;2;1;1;4;4;10;12;12
12;GP;1;15;U;LE3;T;4;4;health;services;course;father;1;1;0;0;1;1;1;1;1;1;0;4;3;3;1;3;5;2;14;14;14
13;GP;1;15;U;GT3;T;4;3;teacher;other;course;mother;2;2;0;0;1;1;0;1;1;1;0;5;4;3;1;2;3;2;10;10;11
14;GP;1;15;U;GT3;A;2;2;other;other;home;other;1;3;0;0;1;0;0;1;1;1;1;4;5;2;1;1;3;0;14;16;16
15;GP;0;16;U;GT3;T;4;4;health;other;home;mother;1;1;0;0;1;0;0;1;1;1;0;4;4;4;1;2;2;4;14;14;14
16;GP;0;16;U;GT3;T;4;4;services;services;reputation;mother;1;3;0;0;1;1;1;1;1;1;0;3;2;3;1;2;2;6;13;14;14
17;GP;0;16;U;GT3;T;3;3;other;other;reputation;mother;3;2;0;1;1;0;1;1;1;0;0;5;3;2;1;1;4;4;8;10;10
18;GP;1;17;U;GT3;T;3;2;services;services;course;mother;1;1;3;0;1;0;1;1;1;1;0;5;5;5;2;4;5;16;6;5;5
19;GP;1;16;U;LE3;T;4;3;health;other;home;father;1;1;0;0;0;1;1;1;1;1;0;3;1;3;1;3;5;4;8;10;10
20;GP;1;15;U;GT3;T;4;3;teacher;other;reputation;mother;1;2;0;0;0;0;0;1;1;1;0;4;4;1;1;1;1;0;13;14;15
21;GP;1;15;U;GT3;T;4;4;health;health;other;father;1;1;0;0;1;1;0;1;1;1;0;5;4;2;1;1;5;0;12;15;15
22;GP;1;16;U;LE3;T;4;2;teacher;other;course;mother;1;2;0;0;0;0;1;1;1;1;0;4;5;1;1;3;5;2;15;15;16
23;GP;1;16;U;LE3;T;2;2;other;other;reputation;mother;2;2;0;0;1;0;1;1;1;1;0;5;4;4;2;4;5;0;13;13;12
24;GP;0;15;R;GT3;T;2;4;services;health;course;mother;1;3;0;1;1;1;1;1;1;1;0;4;3;2;1;1;5;2;10;9;8
25;GP;0;16;U;GT3;T;2;2;services;services;home;mother;1;1;2;0;1;1;0;0;1;1;0;1;2;2;1;3;5;14;6;9;8
26;GP;1;15;U;GT3;T;2;2;other;other;home;mother;1;1;0;0;1;1;0;1;1;1;0;4;2;2;1;2;5;2;12;12;11
27;GP;1;15;U;GT3;T;4;2;health;services;other;mother;1;1;0;0;0;1;0;1;1;1;0;2;2;4;2;4;1;4;15;16;15
28;GP;1;16;U;LE3;A;3;4;services;other;home;mother;1;2;0;1;1;0;1;1;1;1;0;5;3;3;1;1;5;4;11;11;11
29;GP;1;16;U;GT3;T;4;4;teacher;teacher;home;mother;1;2;0;0;1;1;1;1;1;1;1;4;4;5;5;5;5;16;10;12;11
30;GP;1;15;U;GT3;T;4;4;health;services;home;mother;1;2;0;0;1;1;0;0;1;1;0;5;4;2;3;4;5;0;9;11;12
31;GP;1;15;U;GT3;T;4;4;services;services;reputation;mother;2;2;0;0;1;0;1;1;1;1;0;4;3;1;1;1;5;0;17;16;17
32;GP;1;15;R;GT3;T;4;3;teacher;at_home;course;mother;1;2;0;0;1;0;1;1;1;1;1;4;5;2;1;1;5;0;17;16;16
33;GP;1;15;U;LE3;T;3;3;other;other;course;mother;1;2;0;0;0;0;1;0;1;1;0;5;3;2;1;1;2;0;8;10;12
34;GP;1;16;U;GT3;T;3;2;other;other;home;mother;1;1;0;0;1;1;0;0;1;1;0;5;4;3;1;1;5;0;12;14;15
35;GP;0;15;U;GT3;T;2;3;other;other;other;father;2;1;0;0;1;0;1;1;1;0;0;3;5;1;1;1;5;0;8;7;6
36;GP;1;15;U;LE3;T;4;3;teacher;services;home;mother;1;3;0;0;1;0;1;1;1;1;0;5;4;3;1;1;4;2;15;16;18
37;GP;1;16;R;GT3;A;4;4;other;teacher;reputation;mother;2;3;0;0;1;0;1;1;1;1;1;2;4;3;1;1;5;7;15;16;15
38;GP;0;15;R;GT3;T;3;4;services;health;course;mother;1;3;0;1;1;1;1;1;1;1;0;4;3;2;1;1;5;2;12;12;11
39;GP;0;15;R;GT3;T;2;2;at_home;other;reputation;mother;1;1;0;1;1;1;1;1;1;0;0;4;3;1;1;1;2;8;14;13;13
40;GP;0;16;U;LE3;T;2;2;other;other;home;mother;2;2;1;0;1;0;1;0;1;1;1;3;3;3;1;2;3;25;7;10;11
41;GP;1;15;U;LE3;T;4;4;teacher;other;home;other;1;1;0;0;1;0;0;0;1;1;1;5;4;3;2;4;5;8;12;12;12
42;GP;1;15;U;GT3;T;4;4;services;teacher;course;father;1;2;0;0;1;0;1;1;1;1;0;4;3;3;1;1;5;2;19;18;18
43;GP;1;15;U;GT3;T;2;2;services;services;course;father;1;1;0;1;1;0;0;1;1;1;0;5;4;1;1;1;1;0;8;8;11
44;GP;0;16;U;LE3;T;2;2;other;at_home;course;father;2;2;1;1;0;0;1;1;1;1;0;4;3;3;2;2;5;14;10;10;9
45;GP;0;15;U;LE3;A;4;3;other;other;course;mother;1;2;0;1;1;1;1;1;1;1;1;5;2;2;1;1;5;8;8;8;6
46;GP;0;16;U;LE3;A;3;3;other;services;home;mother;1;2;0;0;1;0;0;1;1;1;0;2;3;5;1;4;3;12;11;12;11
47;GP;1;16;U;GT3;T;4;3;health;services;reputation;mother;1;4;0;0;0;0;1;1;1;1;0;4;2;2;1;1;2;4;19;19;20
48;GP;1;15;U;GT3;T;4;2;teacher;other;home;mother;1;2;0;0;1;1;0;1;1;0;0;4;3;3;2;2;5;2;15;15;14
49;GP;0;15;U;GT3;T;4;4;services;teacher;other;father;1;2;1;1;1;0;1;0;1;1;0;4;4;4;1;1;3;2;7;7;7
50;GP;0;16;U;LE3;T;2;2;services;services;course;mother;3;2;0;0;1;1;0;1;1;1;0;4;3;3;2;3;4;2;12;13;13
51;GP;0;15;U;LE3;T;4;2;health;other;other;mother;1;2;0;0;1;1;0;1;1;1;0;4;3;3;1;1;5;2;11;13;13
52;GP;1;15;U;LE3;A;4;2;health;health;other;father;2;1;1;0;0;0;0;1;1;0;0;5;5;5;3;4;5;6;11;11;10
53;GP;0;15;U;GT3;T;4;4;services;services;course;mother;1;1;0;1;1;1;0;1;1;1;0;3;3;4;2;3;5;0;8;10;11
54;GP;0;15;U;LE3;A;3;3;other;other;other;mother;1;1;0;0;0;1;0;1;1;1;0;5;3;4;4;4;1;6;10;13;13
55;GP;0;16;U;GT3;A;2;1;other;other;other;mother;1;2;0;0;0;1;1;1;1;1;1;5;3;4;1;1;2;8;8;9;10
56;GP;0;15;U;GT3;A;4;3;services;services;reputation;mother;1;2;0;0;1;1;1;1;1;1;0;4;3;2;1;1;1;0;14;15;15
57;GP;1;15;U;GT3;T;4;4;teacher;health;reputation;mother;1;2;0;0;1;0;1;1;1;0;0;3;2;2;1;1;5;4;14;15;15
58;GP;1;15;U;LE3;T;1;2;other;at_home;home;father;1;2;0;1;1;0;1;1;1;1;0;4;3;2;1;1;5;2;9;10;9
59;GP;0;16;U;GT3;T;4;2;services;other;course;mother;1;2;0;0;1;0;0;1;1;1;0;4;2;3;1;1;5;2;15;16;16
60;GP;0;16;R;GT3;T;4;4;health;teacher;other;mother;1;2;0;0;1;0;1;1;1;0;0;2;4;4;2;3;4;6;10;11;11
61;GP;0;16;U;GT3;T;1;1;services;services;course;father;4;1;0;1;1;0;1;0;1;1;1;5;5;5;5;5;5;6;10;8;11
62;GP;0;16;U;LE3;T;1;2;other;services;reputation;father;1;2;0;1;0;0;1;1;1;1;0;4;4;3;1;1;1;4;8;10;9
63;GP;0;16;U;GT3;T;4;3;teacher;health;home;mother;1;3;0;1;1;1;1;1;1;1;0;3;4;4;2;4;4;2;10;9;9
64;GP;0;15;U;LE3;T;4;3;services;services;reputation;father;1;2;0;1;0;0;1;1;1;1;1;4;4;4;2;4;2;0;10;10;10
65;GP;0;16;U;LE3;T;4;3;teacher;services;course;mother;3;2;0;0;1;0;1;1;1;1;0;5;4;3;1;2;1;2;16;15;15
66;GP;1;15;U;GT3;A;4;4;other;services;reputation;mother;1;4;0;0;1;0;1;0;1;1;1;1;3;3;5;5;3;4;13;13;12
67;GP;0;16;U;GT3;T;3;1;services;other;course;mother;1;4;0;1;1;1;0;1;1;1;0;4;3;3;1;2;5;4;7;7;6
68;GP;0;15;R;LE3;T;2;2;health;services;reputation;mother;2;2;0;1;1;1;0;1;1;1;0;4;1;3;1;3;4;2;8;9;8
69;GP;0;15;R;LE3;T;3;1;other;other;reputation;father;2;4;0;0;1;0;0;0;1;1;0;4;4;2;2;3;3;12;16;16;16
70;GP;1;16;U;GT3;T;3;1;other;other;reputation;father;2;4;0;0;1;1;0;1;1;1;0;4;3;2;1;1;5;0;13;15;15
71;GP;1;15;U;GT3;T;4;2;other;other;course;mother;1;4;0;0;0;0;0;1;1;1;0;3;3;3;1;1;3;0;10;10;10
72;GP;0;15;R;GT3;T;1;1;other;other;reputation;mother;1;2;2;1;1;0;0;0;1;1;1;3;3;4;2;4;5;2;8;6;5
73;GP;1;16;U;GT3;T;3;1;other;other;reputation;mother;1;1;0;0;0;0;1;1;1;0;0;5;3;2;2;2;5;2;12;12;14
74;GP;0;16;U;GT3;T;3;3;other;services;home;mother;1;2;0;1;1;1;1;1;1;1;0;4;3;3;2;4;5;54;11;12;11
75;GP;1;15;U;GT3;T;4;3;teacher;other;home;mother;1;2;0;0;1;1;1;1;1;1;0;4;3;3;2;3;5;6;9;9;10
76;GP;1;15;U;GT3;T;4;0;teacher;other;course;mother;2;4;0;0;0;0;1;1;1;1;0;3;4;3;1;1;1;8;11;11;10
77;GP;0;16;U;GT3;T;2;2;other;other;reputation;mother;1;4;0;0;0;1;0;1;1;1;1;5;2;3;1;3;3;0;11;11;11
78;GP;1;17;U;GT3;T;2;1;other;other;home;mother;2;1;3;1;1;0;1;1;0;1;0;4;5;1;1;1;3;2;8;8;10
79;GP;0;16;U;GT3;T;3;4;at_home;other;course;mother;1;2;0;0;1;0;0;1;1;1;0;2;4;3;1;2;3;12;5;5;5
80;GP;1;15;U;GT3;T;2;3;other;services;course;father;1;1;0;1;1;1;1;0;1;1;1;3;2;2;1;3;3;2;10;12;12
81;GP;1;15;U;GT3;T;2;3;other;other;home;mother;1;3;0;1;0;1;0;0;1;1;0;5;3;2;1;2;5;4;11;10;11
82;GP;0;15;U;LE3;T;3;2;services;other;reputation;mother;1;2;0;0;1;1;0;1;1;1;0;4;4;4;1;1;5;10;7;6;6
83;GP;1;15;U;LE3;T;2;2;services;services;home;mother;2;2;0;0;0;1;1;1;1;1;0;5;3;3;1;3;4;4;15;15;15
84;GP;0;15;U;GT3;T;1;1;other;other;home;father;1;2;0;0;1;0;1;0;1;1;0;4;3;2;2;3;4;2;9;10;10
85;GP;0;15;U;GT3;T;4;4;services;services;reputation;father;2;2;2;0;0;1;0;1;1;1;1;4;4;4;2;3;5;6;7;9;8
86;GP;0;16;U;LE3;T;2;2;at_home;other;course;mother;1;2;0;0;1;0;0;1;1;0;0;4;3;4;1;2;2;4;8;7;6
87;GP;0;15;U;GT3;T;4;2;other;other;reputation;mother;1;3;0;0;1;0;1;1;1;1;0;5;3;3;1;3;1;4;13;14;14
88;GP;1;16;U;GT3;T;2;2;services;other;reputation;father;2;2;1;0;0;1;1;0;1;1;0;4;4;2;1;1;3;12;11;10;10
89;GP;1;16;U;LE3;A;4;4;teacher;health;reputation;mother;1;2;0;0;1;0;0;1;1;0;0;4;1;3;3;5;5;18;8;6;7
90;GP;0;16;U;GT3;T;3;3;other;other;home;mother;1;3;0;0;1;1;0;1;1;1;1;4;3;3;1;3;4;0;7;7;8
91;GP;0;15;U;GT3;T;4;3;services;other;reputation;mother;1;1;0;0;0;1;1;1;1;1;0;4;5;5;1;3;1;4;16;17;18
92;GP;0;16;U;LE3;T;3;1;other;other;home;father;1;2;0;1;1;0;0;1;1;0;0;3;3;3;2;3;2;4;7;6;6
93;GP;0;16;U;GT3;T;4;2;teacher;services;home;mother;2;2;0;0;1;1;1;1;1;1;0;5;3;3;1;1;1;0;11;10;10
94;GP;1;15;U;LE3;T;2;2;services;health;reputation;mother;1;4;0;0;1;0;1;1;1;1;0;4;3;4;1;1;4;6;11;13;14
95;GP;0;15;R;GT3;T;1;1;at_home;other;home;mother;2;4;1;1;1;1;1;1;1;1;0;3;1;2;1;1;1;2;7;10;10
96;GP;1;16;R;GT3;T;4;3;services;other;reputation;mother;2;1;0;1;1;0;1;0;1;1;0;3;3;3;1;1;4;2;11;15;15
97;GP;0;16;U;GT3;T;2;1;other;other;course;mother;1;2;0;0;1;1;0;1;1;0;1;4;3;5;1;1;5;2;8;9;10
98;GP;0;16;U;GT3;T;4;4;other;other;reputation;mother;1;1;0;0;0;0;1;0;1;1;0;5;3;4;1;2;1;6;11;14;14
99;GP;0;16;U;GT3;T;4;3;other;at_home;course;mother;1;3;0;1;1;1;0;1;1;1;0;5;3;5;1;1;3;0;7;9;8
100;GP;1;16;U;GT3;T;4;4;services;services;other;mother;1;1;0;1;1;1;1;1;1;1;0;4;5;5;5;5;4;14;7;7;5
101;GP;1;16;U;GT3;T;4;4;services;teacher;other;father;1;3;0;0;1;0;1;1;1;1;1;4;4;3;1;1;4;0;16;17;17
102;GP;1;15;U;GT3;T;4;4;services;other;course;mother;1;1;0;0;1;0;1;0;1;1;0;5;3;3;1;1;5;4;10;13;14
103;GP;0;15;U;GT3;T;3;2;services;other;home;mother;2;2;0;1;1;1;0;1;1;1;0;4;3;5;1;1;2;26;7;6;6
104;GP;1;15;U;GT3;A;3;4;services;other;course;mother;1;2;0;0;1;1;1;1;1;1;0;5;4;4;1;1;1;0;16;18;18
105;GP;0;15;U;GT3;A;3;3;other;health;reputation;father;1;4;0;1;0;0;0;1;1;0;0;4;3;3;1;1;4;10;10;11;11
106;GP;0;15;U;GT3;T;2;2;other;other;course;mother;1;4;0;1;1;1;0;1;1;1;0;5;1;2;1;1;3;8;7;8;8
107;GP;1;16;U;GT3;T;3;3;services;other;home;father;1;3;0;0;1;0;1;1;1;1;0;5;3;3;1;1;5;2;16;18;18
108;GP;1;15;R;GT3;T;4;4;other;other;home;father;4;4;0;0;1;1;1;1;1;1;1;1;3;5;3;5;1;6;10;13;13
109;GP;0;16;U;LE3;T;4;4;health;health;other;mother;1;3;0;0;1;1;1;1;1;1;1;5;4;5;1;1;4;4;14;15;16
110;GP;1;15;U;LE3;A;4;4;teacher;teacher;course;mother;1;1;0;0;0;0;1;1;1;1;0;5;5;3;1;1;4;6;18;19;19
111;GP;0;16;R;GT3;T;3;3;services;other;reputation;father;1;3;1;1;1;0;1;1;1;1;0;4;1;2;1;1;2;0;7;10;10
112;GP;0;16;U;GT3;T;2;2;at_home;other;home;mother;1;2;1;1;0;0;1;1;1;1;0;3;1;2;1;1;5;6;10;13;13
113;GP;1;15;U;LE3;T;4;2;teacher;other;course;mother;1;1;0;0;0;0;0;1;1;1;0;3;5;2;1;1;3;10;18;19;19
114;GP;1;15;R;GT3;T;2;1;health;services;reputation;mother;1;2;0;0;0;0;1;1;1;1;1;5;4;2;1;1;5;8;9;9;9
115;GP;1;16;U;GT3;T;4;4;teacher;teacher;course;father;1;2;0;0;1;0;1;1;1;1;0;5;4;4;1;2;5;2;15;15;16
116;GP;1;15;U;GT3;T;4;4;other;teacher;reputation;father;2;2;0;0;1;0;1;1;1;0;0;4;4;3;1;1;2;2;11;13;14
117;GP;1;16;U;GT3;T;3;3;other;services;home;father;2;1;0;0;0;0;1;1;1;1;0;5;4;2;1;1;5;0;13;14;13
118;GP;1;17;R;GT3;T;1;3;other;other;course;father;3;2;1;0;1;0;1;1;1;1;0;5;2;4;1;4;5;20;9;7;8
119;GP;1;15;U;GT3;T;3;4;other;other;reputation;father;1;1;0;0;0;0;0;1;1;1;0;3;4;3;1;2;4;6;14;13;13
120;GP;0;15;U;GT3;T;1;2;at_home;services;course;mother;1;2;0;0;0;0;0;0;1;1;0;3;2;3;1;2;1;2;16;15;15
121;GP;1;15;U;GT3;T;2;2;services;services;home;father;1;4;0;0;1;1;1;1;1;1;0;5;5;4;1;2;5;6;16;14;15
122;GP;0;16;U;LE3;T;2;4;other;health;course;father;2;2;0;0;1;1;1;1;1;1;1;4;2;2;1;2;5;2;13;13;13
123;GP;1;16;U;GT3;T;4;4;health;other;course;mother;1;1;0;0;1;0;1;1;1;1;0;3;4;4;1;4;5;18;14;11;13
124;GP;0;16;U;GT3;T;2;2;other;other;home;mother;1;2;0;0;0;1;0;1;1;1;1;5;4;4;1;1;5;0;8;7;8
125;GP;1;15;U;GT3;T;3;4;services;services;home;father;1;1;0;1;0;0;0;1;1;1;0;5;5;5;3;2;5;0;13;13;12
126;GP;0;15;U;LE3;A;3;4;other;other;home;mother;1;2;0;1;0;0;1;1;1;1;1;5;3;2;1;1;1;0;7;10;11
127;GP;0;19;U;GT3;T;0;1;at_home;other;course;other;1;2;3;0;1;0;0;0;0;0;0;3;4;2;1;1;5;2;7;8;9
128;GP;1;18;R;GT3;T;2;2;services;other;reputation;mother;1;1;2;0;1;0;1;1;1;1;0;3;3;3;1;2;4;0;7;4;0
129;GP;1;16;R;GT3;T;4;4;teacher;teacher;course;mother;1;1;0;0;0;1;1;1;1;1;0;3;5;5;2;5;4;8;18;18;18
130;GP;0;15;R;GT3;T;3;4;services;teacher;course;father;2;3;2;0;1;0;0;1;1;1;1;4;2;2;2;2;5;0;12;0;0
131;GP;0;15;U;GT3;T;1;1;at_home;other;course;mother;3;1;0;0;1;0;1;0;1;1;1;4;3;3;1;2;4;0;8;0;0
132;GP;0;17;U;LE3;T;2;2;other;other;course;father;1;1;0;0;1;0;0;1;1;1;1;3;4;4;1;3;5;12;10;13;12
133;GP;0;16;U;GT3;A;3;4;services;other;course;father;1;1;0;0;0;0;0;1;1;1;0;3;2;1;1;4;5;16;12;11;11
134;GP;1;15;R;GT3;T;3;4;at_home;teacher;course;mother;4;2;0;0;1;0;0;1;1;0;1;5;3;3;1;1;5;0;9;0;0
135;GP;0;15;U;GT3;T;4;4;services;at_home;course;mother;1;3;0;0;1;0;1;1;1;1;1;4;3;3;1;1;5;0;11;0;0
136;GP;1;17;R;GT3;T;3;4;at_home;other;course;mother;3;2;0;0;0;0;0;1;1;0;0;5;4;5;2;4;5;0;10;0;0
137;GP;0;16;U;GT3;A;3;3;other;other;course;other;2;1;2;0;1;0;1;0;1;1;1;4;3;2;1;1;5;0;4;0;0
138;GP;1;16;U;LE3;T;1;1;services;other;course;mother;1;2;1;0;0;0;0;1;1;0;1;4;4;4;1;3;5;0;14;12;12
139;GP;0;15;U;GT3;T;4;4;teacher;teacher;course;mother;2;1;0;0;0;0;1;1;1;1;0;4;3;2;1;1;5;0;16;16;15
140;GP;1;15;U;GT3;T;4;3;teacher;services;course;father;2;4;0;1;1;0;0;1;1;1;0;2;2;2;1;1;3;0;7;9;0
141;GP;1;16;U;LE3;T;2;2;services;services;reputation;father;2;1;2;0;1;0;1;1;1;1;0;2;3;3;2;2;2;8;9;9;9
142;GP;0;15;U;GT3;T;4;4;teacher;services;course;mother;1;3;0;0;1;1;1;1;1;1;0;4;2;2;1;1;5;2;9;11;11
143;GP;0;16;U;LE3;T;1;1;at_home;at_home;course;mother;1;1;0;0;0;0;0;1;1;1;0;3;4;4;3;3;1;2;14;14;13
144;GP;1;17;U;GT3;T;2;1;other;other;home;mother;1;1;3;0;1;0;0;1;1;1;0;5;4;5;1;2;5;0;5;0;0
145;GP;0;15;U;GT3;T;1;1;other;services;course;father;1;2;0;0;1;1;0;1;1;1;0;4;4;2;1;2;5;0;8;11;11
146;GP;0;15;U;GT3;T;3;2;health;services;home;father;1;2;3;0;1;0;0;1;1;1;0;3;3;2;1;1;3;0;6;7;0
147;GP;0;15;U;GT3;T;1;2;at_home;other;course;mother;1;2;0;0;1;1;0;0;1;1;0;4;3;2;1;1;5;2;10;11;11
148;GP;1;16;U;GT3;T;4;4;teacher;teacher;course;mother;1;1;0;0;1;0;0;1;0;1;1;3;3;2;2;1;5;0;7;6;0
149;GP;1;15;U;LE3;A;2;1;services;other;course;mother;4;1;3;0;0;0;0;1;1;1;0;4;5;5;2;5;5;0;8;9;10
150;GP;1;18;U;LE3;T;1;1;other;other;course;mother;1;1;3;0;0;0;0;1;0;1;1;2;3;5;2;5;4;0;6;5;0
151;GP;1;16;U;LE3;T;2;1;at_home;other;course;mother;1;1;1;0;0;0;1;1;1;0;1;4;4;4;3;5;5;6;12;13;14
152;GP;0;15;R;GT3;T;3;3;services;services;reputation;other;2;3;2;0;1;1;1;1;1;1;1;4;2;1;2;3;3;8;10;10;10
153;GP;1;19;U;GT3;T;3;2;services;at_home;home;mother;1;1;3;0;1;0;0;1;0;1;1;4;5;4;1;1;4;0;5;0;0
154;GP;0;17;U;GT3;T;4;4;other;teacher;course;mother;1;1;0;1;1;0;0;1;1;0;1;4;2;1;1;1;4;0;11;11;12
155;GP;1;15;R;GT3;T;2;3;at_home;services;course;mother;1;2;0;1;0;1;1;1;1;0;0;4;4;4;1;1;1;2;11;8;8
156;GP;1;17;R;LE3;T;1;2;other;other;reputation;mother;1;1;0;0;0;0;0;1;1;0;0;2;2;2;3;3;5;8;16;12;13
157;GP;0;18;R;GT3;T;1;1;at_home;other;course;mother;3;1;3;0;1;0;1;0;1;0;0;5;2;5;1;5;4;6;9;8;10
158;GP;1;16;R;GT3;T;2;2;at_home;other;course;mother;3;1;0;0;0;0;0;0;1;0;0;4;2;2;1;2;3;2;17;15;15
159;GP;1;16;U;GT3;T;3;3;other;services;course;father;1;2;1;0;1;1;0;1;1;1;1;4;5;5;4;4;5;4;10;12;12
160;GP;1;17;R;LE3;T;2;1;at_home;other;course;mother;2;1;2;0;0;0;1;1;0;1;1;3;3;2;2;2;5;0;7;6;0
161;GP;1;15;R;GT3;T;3;2;other;other;course;mother;2;2;2;1;1;0;0;1;1;1;1;4;4;4;1;4;3;6;5;9;7
162;GP;1;16;U;LE3;T;1;2;other;other;course;mother;2;1;1;0;0;0;1;1;1;0;0;4;4;4;2;4;5;0;7;0;0
163;GP;1;17;U;GT3;T;1;3;at_home;services;course;father;1;1;0;0;0;0;0;1;0;1;0;5;3;3;1;4;2;2;10;10;10
164;GP;1;17;R;LE3;T;1;1;other;services;course;mother;4;2;3;0;0;0;1;1;0;0;1;5;3;5;1;5;5;0;5;8;7
165;GP;1;16;U;GT3;T;3;2;services;services;course;mother;2;1;1;0;1;0;1;0;0;0;0;4;5;2;1;1;2;16;12;11;12
166;GP;1;16;U;GT3;T;2;2;other;other;course;father;1;2;0;0;0;0;0;1;0;1;0;4;3;5;2;4;4;4;10;10;10
167;GP;0;16;U;GT3;T;4;2;health;services;home;father;1;2;0;0;0;1;0;1;1;1;1;4;2;3;1;1;3;0;14;15;16
168;GP;0;16;U;GT3;T;2;2;other;other;home;mother;1;2;0;0;1;1;0;0;1;1;0;5;1;5;1;1;4;0;6;7;0
169;GP;0;16;U;GT3;T;4;4;health;health;reputation;mother;1;2;0;0;1;1;0;1;1;1;1;4;4;2;1;1;3;0;14;14;14
170;GP;1;16;U;GT3;T;3;4;other;other;course;father;3;1;2;0;1;0;1;0;1;1;0;3;4;5;2;4;2;0;6;5;0
171;GP;1;16;U;GT3;T;1;0;other;other;reputation;mother;2;2;0;0;1;1;1;1;1;1;1;4;3;2;1;1;3;2;13;15;16
172;GP;1;17;U;LE3;T;4;4;teacher;other;reputation;mother;1;2;0;0;1;1;1;1;1;1;0;4;4;4;1;3;5;0;13;11;10
173;GP;0;16;U;GT3;T;1;3;at_home;services;home;mother;1;2;3;0;0;0;1;0;1;1;1;4;3;5;1;1;3;0;8;7;0
174;GP;0;16;U;LE3;T;3;3;other;other;reputation;mother;2;2;0;0;1;1;1;1;1;1;0;4;4;5;1;1;4;4;10;11;9
175;GP;1;17;U;LE3;T;4;3;teacher;other;course;mother;2;2;0;0;0;1;1;1;1;1;0;4;4;4;4;4;4;4;10;9;9
176;GP;0;16;U;GT3;T;2;2;services;other;reputation;mother;2;2;0;0;0;1;1;0;1;1;0;3;4;4;1;4;5;2;13;13;11
177;GP;1;17;U;GT3;T;3;3;other;other;reputation;father;1;2;0;0;0;0;1;0;1;1;0;4;3;4;1;4;4;4;6;5;6
178;GP;1;16;R;GT3;T;4;2;teacher;services;other;mother;1;1;0;0;1;0;1;1;1;1;1;4;3;3;3;4;3;10;10;8;9
179;GP;1;17;U;GT3;T;4;3;other;other;course;mother;1;2;0;0;1;0;1;1;1;1;1;5;2;3;1;1;2;4;10;10;11
180;GP;1;16;U;GT3;T;4;3;teacher;other;home;mother;1;2;0;0;1;1;1;1;1;1;0;3;4;3;2;3;3;10;9;8;8
181;GP;1;16;U;GT3;T;3;3;services;other;home;mother;1;2;0;0;0;1;1;1;1;1;1;4;2;3;1;2;3;2;12;13;12
182;GP;0;17;U;GT3;T;2;4;services;services;reputation;father;1;2;0;0;1;0;1;1;1;0;0;5;4;2;2;3;5;0;16;17;17
183;GP;0;17;U;LE3;T;3;3;other;other;reputation;mother;1;2;0;0;1;0;1;1;1;1;1;5;3;3;2;3;1;56;9;9;8
184;GP;0;16;U;GT3;T;3;2;other;other;reputation;mother;1;2;0;0;1;1;0;1;1;1;0;1;2;2;1;2;1;14;12;13;12
185;GP;1;17;U;GT3;T;3;3;services;services;other;mother;1;2;0;0;1;0;1;1;1;1;1;4;3;4;2;3;4;12;12;12;11
186;GP;1;16;U;GT3;T;1;2;services;services;other;mother;1;1;0;0;1;1;1;1;1;1;1;3;3;3;1;2;3;2;11;12;11
187;GP;1;16;U;LE3;T;2;1;other;other;course;mother;1;2;0;0;0;1;1;1;1;1;1;4;2;3;1;2;5;0;15;15;15
188;GP;0;17;U;GT3;A;3;3;health;other;reputation;mother;1;2;0;0;1;0;0;0;1;1;1;3;3;3;1;3;3;6;8;7;9
189;GP;1;17;R;GT3;T;1;2;at_home;other;home;mother;1;2;0;0;0;0;0;1;1;0;0;3;1;3;1;5;3;4;8;9;10
190;GP;0;16;U;GT3;T;2;3;services;services;course;mother;1;2;0;0;0;0;0;1;1;1;0;4;3;3;1;1;2;10;11;12;13
191;GP;0;17;U;GT3;T;1;1;at_home;services;course;mother;1;2;0;0;0;0;1;1;1;1;0;5;3;3;1;1;3;0;8;8;9
192;GP;1;17;U;GT3;T;1;2;at_home;services;other;other;2;2;0;0;0;1;1;0;1;1;0;4;4;4;4;5;5;12;7;8;8
193;GP;1;16;R;GT3;T;3;3;services;services;reputation;mother;1;1;0;0;1;0;1;1;1;1;0;4;3;2;3;4;5;8;8;9;10
194;GP;1;16;U;GT3;T;2;3;other;other;home;father;2;1;0;0;0;0;0;1;1;1;0;5;3;3;1;1;3;0;13;14;14
195;GP;0;17;U;LE3;T;2;4;services;services;course;father;1;2;0;0;0;0;1;1;1;1;1;4;3;2;1;1;5;0;14;15;15
196;GP;1;17;U;GT3;T;4;4;services;teacher;home;mother;1;1;0;0;0;0;0;1;1;1;0;5;2;3;1;2;5;4;17;15;16
197;GP;1;16;R;LE3;T;3;3;teacher;other;home;father;3;1;0;0;1;1;1;1;1;1;0;3;3;4;3;5;3;8;9;9;10
198;GP;0;17;U;GT3;T;4;4;services;teacher;home;mother;2;1;1;0;1;0;0;1;1;1;0;4;2;4;2;3;2;24;18;18;18
199;GP;0;16;U;LE3;T;4;4;teacher;teacher;reputation;mother;1;2;0;0;1;1;0;1;1;1;0;4;5;2;1;2;3;0;9;9;10
200;GP;0;16;U;GT3;T;4;3;health;other;home;mother;1;2;0;0;1;0;1;1;1;1;0;4;3;5;1;5;2;2;16;16;16
201;GP;0;16;U;GT3;T;2;3;other;other;reputation;mother;1;2;0;1;1;1;1;1;1;0;0;4;4;3;1;3;4;6;8;10;10
202;GP;0;17;U;GT3;T;1;1;other;other;course;mother;1;2;0;0;1;1;0;0;1;0;0;4;4;4;1;3;1;4;9;9;10
203;GP;0;17;R;GT3;T;2;2;other;other;reputation;mother;1;1;0;0;1;0;0;1;1;1;0;5;3;2;1;2;3;18;7;6;6
204;GP;0;16;R;GT3;T;2;2;services;services;reputation;mother;2;4;0;0;1;1;1;0;1;1;0;5;3;5;1;1;5;6;10;10;11
205;GP;0;17;U;GT3;T;3;4;at_home;services;home;mother;1;3;1;0;1;1;0;1;1;1;1;4;4;3;3;4;5;28;10;9;9
206;GP;0;16;U;GT3;A;3;1;services;other;course;mother;1;2;3;0;1;1;0;1;1;1;0;2;3;3;2;2;4;5;7;7;7
207;GP;0;16;U;GT3;T;4;3;teacher;other;other;mother;1;2;0;0;0;1;1;1;1;1;1;1;3;2;1;1;1;10;11;12;13
208;GP;0;16;U;GT3;T;1;1;at_home;other;home;mother;2;1;0;0;1;1;0;1;1;0;0;4;3;2;1;4;5;6;9;9;10
209;GP;0;17;R;GT3;T;4;3;teacher;other;reputation;mother;2;3;0;0;1;1;1;1;1;1;1;4;4;2;1;1;4;6;7;7;7
210;GP;0;19;U;GT3;T;3;3;other;other;reputation;other;1;4;0;0;1;1;1;1;1;1;0;4;3;3;1;2;3;10;8;8;8
211;GP;1;17;U;LE3;T;4;4;services;other;home;mother;1;2;0;0;1;1;0;1;1;1;1;5;3;5;4;5;3;13;12;12;13
212;GP;0;16;U;GT3;A;2;2;other;other;reputation;mother;1;2;0;1;1;1;0;1;1;1;0;3;3;4;1;1;4;0;12;13;14
213;GP;1;18;U;GT3;T;2;2;services;other;home;mother;1;2;1;0;1;1;1;1;1;1;0;4;4;4;2;4;5;15;6;7;8
214;GP;0;17;R;LE3;T;4;4;services;other;other;mother;1;1;0;0;1;1;0;1;1;0;0;5;2;1;1;2;3;12;8;10;10
215;GP;0;17;U;LE3;T;3;2;other;other;reputation;mother;2;2;0;0;0;1;0;1;1;1;0;4;4;4;1;3;1;2;14;15;15
216;GP;0;17;U;GT3;T;4;3;other;other;reputation;mother;1;2;2;0;0;1;0;1;1;1;1;3;4;5;2;4;1;22;6;6;4
217;GP;1;18;U;LE3;T;3;3;services;health;home;father;1;2;1;0;1;1;0;1;1;1;0;3;2;4;2;4;4;13;6;6;8
218;GP;0;17;U;GT3;T;2;3;at_home;other;home;father;2;1;0;0;1;1;0;1;1;0;0;3;3;3;1;4;3;3;7;7;8
219;GP;0;17;U;GT3;T;2;2;at_home;at_home;course;mother;1;3;0;0;1;1;1;1;1;1;0;4;3;3;1;1;4;4;9;10;10
220;GP;0;17;R;GT3;T;2;1;at_home;services;reputation;mother;2;2;0;0;1;0;1;1;1;1;0;4;2;5;1;2;5;2;6;6;6
221;GP;0;17;U;GT3;T;1;1;at_home;other;reputation;mother;1;3;1;0;1;0;1;1;1;0;1;4;3;4;1;1;5;0;6;5;0
222;GP;0;16;U;GT3;T;2;3;services;teacher;other;mother;1;2;0;1;0;0;0;1;1;1;0;2;3;1;1;1;3;2;16;16;17
223;GP;1;18;U;GT3;T;2;2;other;other;home;mother;2;2;0;0;1;1;0;1;1;1;0;3;3;3;5;5;4;0;12;13;13
224;GP;0;16;U;GT3;T;4;4;teacher;services;home;mother;1;3;0;0;1;0;1;0;1;1;0;5;3;2;1;1;5;0;13;13;14
225;GP;0;18;R;GT3;T;3;1;other;other;reputation;mother;1;2;1;0;0;0;1;1;1;1;1;5;3;3;1;1;4;16;9;8;7
226;GP;0;17;U;GT3;T;3;2;other;other;course;mother;1;2;0;0;0;0;1;0;1;1;0;5;3;4;1;3;3;10;16;15;15
227;GP;1;17;U;LE3;T;2;3;services;services;reputation;father;1;2;0;0;1;1;0;0;1;1;0;5;3;3;1;3;3;2;12;11;12
228;GP;1;18;U;LE3;T;2;1;at_home;other;course;mother;4;2;0;1;1;1;1;1;1;1;1;4;3;2;4;5;3;14;10;8;9
229;GP;0;17;U;GT3;A;2;1;other;other;course;mother;2;3;0;0;0;0;1;1;1;1;1;3;2;3;1;2;3;10;12;10;12
230;GP;0;17;U;LE3;T;4;3;health;other;reputation;father;1;2;0;0;0;0;1;1;1;1;1;3;2;3;1;2;3;14;13;13;14
231;GP;1;17;R;GT3;T;2;2;other;other;course;father;2;2;0;0;1;1;1;1;1;1;0;4;5;2;1;1;1;4;11;11;11
232;GP;1;17;U;GT3;T;4;4;teacher;teacher;reputation;mother;1;2;0;1;1;0;1;1;1;1;1;4;5;5;1;3;2;14;11;9;9
233;GP;1;16;U;GT3;T;4;4;health;other;reputation;father;1;2;0;0;1;1;1;1;1;1;0;4;2;4;2;4;1;2;14;13;13
234;GP;1;16;U;LE3;T;1;1;other;other;home;mother;2;2;0;0;1;1;0;1;1;1;0;3;4;2;1;1;5;18;9;7;6
235;GP;1;16;U;GT3;T;3;2;at_home;other;reputation;mother;2;3;0;0;0;0;1;1;1;1;1;5;3;3;1;3;2;10;11;9;10
236;GP;1;17;U;LE3;T;2;2;other;other;home;father;1;2;0;0;0;1;1;0;1;1;1;4;4;2;5;5;4;4;14;13;13
237;GP;0;16;U;GT3;T;2;1;other;other;home;mother;1;1;0;0;0;0;0;1;1;1;1;4;5;2;1;1;5;20;13;12;12
238;GP;0;17;R;GT3;T;2;1;at_home;services;course;mother;3;2;0;0;0;0;1;1;1;0;0;2;1;1;1;1;3;2;13;11;11
239;GP;1;18;U;GT3;T;2;2;other;services;reputation;father;1;2;1;0;0;0;0;1;0;1;0;5;5;4;3;5;2;0;7;7;0
240;GP;1;17;U;LE3;T;4;3;health;other;course;mother;2;2;0;0;0;0;1;1;1;1;1;2;5;5;1;4;5;14;12;12;12
241;GP;1;17;R;LE3;A;4;4;teacher;other;course;mother;2;2;0;0;1;1;0;1;1;1;0;3;3;3;2;3;4;2;10;11;12
242;GP;1;16;U;LE3;T;4;3;teacher;other;course;mother;1;1;0;0;0;0;1;0;1;1;0;5;4;5;1;1;3;0;6;0;0
243;GP;1;16;U;GT3;T;4;4;services;services;course;mother;1;1;0;0;0;0;1;1;1;1;0;5;3;2;1;2;5;0;13;12;12
244;GP;0;18;U;GT3;T;2;1;other;other;course;other;2;3;0;0;1;1;0;0;1;1;1;4;4;4;1;1;3;0;7;0;0
245;GP;1;16;U;GT3;T;2;1;other;other;course;mother;3;1;0;0;0;0;0;1;1;1;0;4;3;3;1;1;4;6;18;18;18
246;GP;1;17;U;GT3;T;2;3;other;other;course;father;2;1;0;0;0;0;0;1;1;1;0;5;2;2;1;1;2;4;12;12;13
247;GP;1;22;U;GT3;T;3;1;services;services;other;mother;1;1;3;0;0;0;0;0;0;1;1;5;4;5;5;5;1;16;6;8;8
248;GP;1;18;R;LE3;T;3;3;other;services;course;mother;1;2;1;0;1;0;0;1;1;1;1;4;3;3;1;3;5;8;3;5;5
249;GP;1;16;U;GT3;T;0;2;other;other;other;mother;1;1;0;0;0;1;0;0;1;1;0;4;3;2;2;4;5;0;13;15;15
250;GP;1;18;U;GT3;T;3;2;services;other;course;mother;2;1;1;0;0;0;0;1;0;1;0;4;4;5;2;4;5;0;6;8;8
251;GP;1;16;U;GT3;T;3;3;at_home;other;reputation;other;3;2;0;1;1;0;0;0;1;1;0;5;3;3;1;3;2;6;7;10;10
252;GP;1;18;U;GT3;T;2;1;services;services;other;mother;1;1;1;0;0;0;0;0;0;1;0;3;2;5;2;5;5;4;6;9;8
253;GP;1;16;R;GT3;T;2;1;other;other;course;mother;2;1;0;0;0;0;1;0;1;0;0;3;3;2;1;3;3;0;8;9;8
254;GP;1;17;R;GT3;T;2;1;other;other;course;mother;1;1;0;0;0;0;0;0;1;1;0;4;4;2;2;4;5;0;8;12;12
255;GP;1;17;U;LE3;T;1;1;health;other;course;mother;2;1;1;0;1;0;1;1;1;1;0;4;4;4;1;2;5;2;7;9;8
256;GP;0;17;U;LE3;T;4;2;teacher;services;reputation;mother;1;4;0;0;1;1;1;1;1;1;0;4;2;3;1;1;4;6;14;12;13
257;GP;1;19;U;LE3;A;4;3;services;at_home;reputation;mother;1;2;0;0;1;0;0;1;1;1;0;4;3;1;1;1;1;12;11;11;11
258;GP;1;18;U;GT3;T;2;1;other;other;home;mother;1;2;0;0;0;0;1;1;1;1;0;5;2;4;1;2;4;8;15;14;14
259;GP;0;17;U;LE3;T;2;2;services;services;course;father;1;4;0;0;0;1;1;1;1;1;1;3;4;1;1;1;2;0;10;9;0
260;GP;0;18;U;GT3;T;4;3;services;other;home;father;1;2;0;0;1;1;0;1;1;1;1;3;1;2;1;3;2;21;17;18;18
261;GP;1;18;U;GT3;T;4;3;teacher;other;course;mother;1;2;0;0;1;1;0;0;1;1;0;4;3;2;1;1;3;2;8;8;8
262;GP;1;18;R;GT3;T;3;2;other;other;course;mother;1;3;0;0;0;0;1;0;1;0;0;5;3;2;1;1;3;1;13;12;12
263;GP;0;17;U;GT3;T;3;3;other;other;home;mother;1;3;0;0;0;0;1;0;1;0;0;3;2;3;1;1;4;4;10;9;9
264;GP;0;18;U;GT3;T;2;2;at_home;services;home;mother;1;3;0;0;1;1;1;1;1;1;1;4;3;3;1;1;3;0;9;10;0
265;GP;1;18;R;LE3;A;3;4;other;other;reputation;mother;2;2;0;0;1;1;1;1;1;1;0;4;2;5;3;4;1;13;17;17;17
266;GP;1;17;U;GT3;T;3;1;services;other;other;mother;1;2;0;0;0;1;1;1;1;1;1;5;4;4;3;4;5;2;9;9;10
267;GP;0;18;R;GT3;T;4;4;teacher;other;reputation;mother;2;2;0;0;0;1;1;1;1;1;0;4;3;4;2;2;4;8;12;10;11
268;GP;1;18;U;GT3;T;4;2;health;other;reputation;father;1;2;0;0;1;1;1;1;1;1;1;5;4;5;1;3;5;10;10;9;10
269;GP;0;18;R;GT3;T;2;1;other;other;reputation;mother;2;2;0;0;1;0;0;1;0;1;1;4;3;5;1;2;3;0;6;0;0
270;GP;0;19;U;GT3;T;3;3;other;services;home;other;1;2;2;0;1;1;1;1;1;1;0;4;3;5;3;3;5;15;9;9;9
271;GP;0;18;U;GT3;T;2;3;other;services;reputation;father;1;4;0;0;1;1;1;1;1;1;1;4;5;5;1;3;2;4;15;14;14
272;GP;0;18;U;LE3;T;1;1;other;other;home;mother;2;2;0;0;1;1;0;0;1;0;0;4;4;3;1;1;3;2;11;11;11
273;GP;1;17;R;GT3;T;1;2;at_home;at_home;home;mother;1;2;0;0;1;1;1;0;1;0;1;3;5;2;2;2;1;2;15;14;14
274;GP;0;17;U;GT3;T;2;4;at_home;health;reputation;mother;2;2;0;0;1;1;0;1;1;1;1;4;3;3;1;1;1;2;10;10;10
275;GP;0;17;U;LE3;T;2;2;services;other;course;mother;2;2;0;1;1;1;0;1;1;1;1;4;4;4;2;3;5;6;12;12;12
276;GP;0;18;R;GT3;A;3;2;other;services;home;mother;2;2;0;0;0;0;0;0;0;1;1;4;1;1;1;1;5;75;10;9;9
277;GP;1;18;U;GT3;T;4;4;teacher;services;home;mother;2;1;0;0;0;1;1;1;1;1;0;3;2;4;1;4;3;22;9;9;9
278;GP;0;18;U;GT3;T;4;4;health;health;reputation;father;1;2;1;1;1;0;1;1;1;1;1;2;4;4;1;1;4;15;9;8;8
279;GP;1;18;U;LE3;T;4;3;teacher;services;course;mother;2;1;0;0;0;1;1;1;1;1;0;4;2;3;1;2;1;8;10;11;10
280;GP;1;17;U;LE3;A;4;1;services;other;home;mother;2;1;0;0;0;1;1;1;1;1;1;4;5;4;2;4;5;30;8;8;8
281;GP;1;17;U;LE3;A;3;2;teacher;services;home;mother;1;1;1;0;0;0;0;1;1;1;0;4;4;4;3;4;3;19;11;9;10
282;GP;0;18;R;LE3;T;1;1;at_home;other;reputation;mother;2;4;0;0;1;1;1;1;1;0;0;5;2;2;1;1;3;1;12;12;12
283;GP;0;18;U;GT3;T;1;1;other;other;home;mother;2;2;0;1;0;0;1;1;1;1;0;5;4;4;1;1;4;4;8;9;10
284;GP;0;17;U;GT3;T;2;2;other;other;course;mother;1;2;0;0;1;0;0;0;1;1;0;5;4;5;1;2;5;4;10;9;11
285;GP;1;17;U;GT3;T;1;1;other;other;reputation;father;1;2;0;0;0;1;0;0;1;1;0;4;3;3;1;2;4;2;12;10;11
286;GP;0;18;U;GT3;T;2;2;at_home;at_home;other;mother;1;3;0;0;1;1;0;1;1;1;0;4;3;3;1;2;2;5;18;18;19
287;GP;0;17;U;GT3;T;1;1;services;teacher;reputation;mother;1;3;0;0;1;1;0;1;1;1;0;4;3;3;1;1;3;6;13;12;12
288;GP;1;18;U;GT3;T;2;1;services;services;reputation;mother;1;3;0;0;0;1;1;1;1;1;0;4;2;4;1;3;2;6;15;14;14
289;GP;1;18;U;LE3;A;4;4;teacher;teacher;reputation;mother;1;2;0;0;1;1;1;1;1;1;0;5;4;3;1;1;2;9;15;13;15
290;GP;1;18;U;GT3;T;4;2;teacher;other;home;mother;1;2;0;0;1;1;1;1;1;1;1;4;3;2;1;4;5;11;12;11;11
291;GP;0;17;U;GT3;T;4;3;health;services;reputation;mother;1;3;0;0;1;1;0;1;1;1;0;4;2;2;1;2;3;0;15;15;15
292;GP;0;18;U;LE3;T;2;1;services;at_home;reputation;mother;1;2;1;0;0;0;0;1;1;1;1;5;4;3;1;1;5;12;12;12;13
293;GP;0;17;R;LE3;T;3;1;services;other;reputation;mother;2;4;0;0;1;1;0;1;1;0;0;3;1;2;1;1;3;6;18;18;18
294;GP;1;18;R;LE3;T;3;2;services;other;reputation;mother;2;3;0;0;1;1;1;1;1;1;0;5;4;2;1;1;4;8;14;13;14
295;GP;1;17;U;GT3;T;3;3;health;other;home;mother;1;1;0;0;1;1;0;1;1;1;0;4;4;3;1;3;5;4;14;12;11
296;GP;0;19;U;GT3;T;4;4;health;other;reputation;other;2;2;0;0;1;1;1;1;1;1;0;2;3;4;2;3;2;0;10;9;0
297;GP;0;18;U;LE3;T;4;3;other;other;home;other;2;2;0;0;1;1;0;1;1;1;1;4;4;5;1;2;2;10;10;8;8
298;GP;0;18;U;GT3;T;4;3;other;other;reputation;father;1;4;0;0;1;1;0;1;1;1;0;4;3;3;1;1;3;0;14;13;14
299;GP;1;18;U;LE3;T;4;4;teacher;teacher;home;mother;1;1;0;0;1;1;0;1;1;1;1;1;4;2;2;2;1;5;16;15;16
300;GP;0;18;U;LE3;A;4;4;health;other;home;mother;1;2;0;0;1;0;0;1;1;1;1;4;2;4;1;1;4;14;12;10;11
301;GP;1;17;U;LE3;T;4;4;other;teacher;home;father;2;1;0;0;0;1;0;1;1;1;0;4;1;1;2;2;5;0;11;11;10
302;GP;0;17;U;GT3;T;4;2;other;other;reputation;mother;2;3;0;0;1;1;0;1;1;1;0;4;3;3;1;1;3;0;15;12;14
303;GP;0;17;U;GT3;T;3;2;health;health;reputation;father;1;4;0;0;1;1;1;0;1;1;0;5;2;2;1;2;5;0;17;17;18
304;GP;1;19;U;GT3;T;3;3;other;other;home;other;1;2;1;0;1;0;1;1;1;1;1;4;4;4;1;1;3;20;15;14;13
305;GP;0;18;U;GT3;T;2;4;services;at_home;reputation;other;1;2;1;0;1;1;1;1;1;1;0;4;4;3;1;1;3;8;14;12;12
306;GP;1;20;U;GT3;A;3;2;services;other;course;other;1;1;0;0;0;0;1;1;1;0;0;5;5;3;1;1;5;0;17;18;18
307;GP;1;19;U;GT3;T;4;4;teacher;services;reputation;other;2;1;1;0;1;1;0;1;1;1;1;4;3;4;1;1;4;38;8;9;8
308;GP;1;19;R;GT3;T;3;3;other;services;reputation;father;1;2;1;0;0;0;1;1;1;0;1;4;5;3;1;2;5;0;15;12;12
309;GP;0;19;U;LE3;T;1;1;at_home;other;reputation;other;1;2;1;1;1;0;1;0;1;1;0;4;4;3;1;3;3;18;12;10;10
310;GP;0;19;U;LE3;T;1;2;services;services;home;other;1;2;1;0;0;0;1;0;1;0;1;4;2;4;2;2;3;0;9;9;0
311;GP;0;19;U;GT3;T;2;1;at_home;other;other;other;3;2;0;0;1;0;0;1;0;1;1;3;4;1;1;1;2;20;14;12;13
312;GP;1;19;U;GT3;T;1;2;other;services;course;other;1;2;1;0;0;0;0;0;1;1;0;4;5;2;2;2;4;3;13;11;11
313;GP;0;19;U;LE3;T;3;2;services;other;reputation;other;2;2;1;0;1;1;0;0;1;1;1;4;2;2;1;2;1;22;13;10;11
314;GP;0;19;U;GT3;T;1;1;at_home;health;home;other;1;3;2;0;0;0;0;0;1;1;1;4;1;2;1;1;3;14;15;13;13
315;GP;0;19;R;GT3;T;2;3;other;other;reputation;other;1;3;1;0;0;0;0;1;1;1;1;4;1;2;1;1;3;40;13;11;11
316;GP;0;18;U;GT3;T;2;1;services;other;course;mother;2;2;0;0;1;1;1;1;1;1;0;5;3;3;1;2;1;0;8;8;0
317;GP;0;18;U;GT3;T;4;3;other;other;course;mother;1;3;0;0;1;1;1;1;1;1;1;4;3;4;1;1;5;9;9;10;9
318;GP;0;17;R;GT3;T;3;4;at_home;services;course;father;1;3;0;0;1;1;1;0;1;1;0;4;3;4;2;5;5;0;11;11;10
319;GP;0;18;U;GT3;T;4;4;teacher;other;course;mother;1;2;0;0;1;1;0;1;1;1;0;4;4;4;3;3;5;2;11;11;11
320;GP;0;17;U;GT3;A;4;3;services;services;course;mother;1;2;0;0;1;1;0;1;1;1;1;5;2;2;1;2;5;23;13;13;13
321;GP;0;17;U;GT3;T;2;2;other;other;course;mother;1;2;0;0;1;0;0;1;1;0;1;4;2;2;1;1;3;12;11;9;9
322;GP;0;17;R;LE3;T;2;2;services;services;course;mother;1;3;0;0;1;1;1;1;1;1;0;3;3;2;2;2;3;3;11;11;11
323;GP;0;17;U;GT3;T;3;1;services;services;course;father;1;3;0;0;1;0;0;0;1;1;0;3;4;3;2;3;5;1;12;14;15
324;GP;0;17;U;LE3;T;0;2;at_home;at_home;home;father;2;3;0;0;0;0;0;1;1;1;0;3;3;3;2;3;2;0;16;15;15
325;GP;1;18;U;GT3;T;4;4;other;other;course;mother;1;3;0;0;0;0;1;1;1;1;0;4;3;3;2;2;3;3;9;12;11
326;GP;1;17;U;GT3;T;3;3;other;services;reputation;mother;1;1;0;0;0;0;1;0;1;1;0;4;3;5;3;5;5;3;14;15;16
327;GP;1;17;R;GT3;T;2;2;services;other;course;mother;4;1;0;0;1;0;0;1;1;1;0;4;4;5;5;5;4;8;11;10;10
328;GP;0;17;U;GT3;T;4;4;teacher;services;course;mother;1;3;0;0;1;1;1;1;1;1;0;5;4;4;1;3;4;7;10;9;9
329;GP;0;17;U;GT3;T;4;4;teacher;teacher;course;mother;2;3;0;0;1;1;0;0;1;1;1;4;3;3;1;2;4;4;14;14;14
330;GP;1;18;U;LE3;T;2;2;other;other;course;mother;1;4;0;0;1;0;1;1;1;1;0;4;5;5;2;4;5;2;9;8;8
331;GP;0;17;R;GT3;T;2;4;at_home;other;course;father;1;3;0;0;1;0;0;1;1;1;1;4;4;3;1;1;5;7;12;14;14
332;GP;0;18;U;GT3;T;3;3;services;services;home;mother;1;2;0;0;0;0;1;1;1;1;0;5;3;4;1;1;4;0;7;0;0
333;GP;0;18;U;LE3;T;2;2;other;other;home;other;1;2;0;0;0;0;1;0;1;1;1;4;3;3;1;1;2;0;8;8;0
334;GP;0;18;R;GT3;T;2;2;at_home;other;course;mother;2;4;0;0;0;0;1;1;1;0;0;4;4;4;1;1;4;0;10;9;0
335;GP;0;17;U;GT3;T;3;4;services;other;course;mother;1;3;0;0;0;0;0;1;1;1;0;4;4;5;1;3;5;16;16;15;15
336;GP;0;19;R;GT3;A;3;1;services;at_home;home;other;1;3;1;0;0;1;0;1;1;0;0;5;4;3;1;2;5;12;14;13;13
337;GP;0;17;U;GT3;T;3;2;other;other;home;mother;1;2;0;0;1;1;0;1;1;1;1;4;3;2;2;3;2;0;7;8;0
338;GP;0;18;U;LE3;T;3;3;services;services;home;mother;1;4;0;0;1;0;0;1;1;1;0;5;3;3;1;1;1;7;16;15;17
339;GP;0;17;R;GT3;A;3;2;other;other;home;mother;1;2;0;0;1;1;0;1;1;1;0;4;3;3;2;3;2;4;9;10;10
340;GP;0;19;U;GT3;T;2;1;services;services;home;other;1;3;1;0;0;1;1;1;1;1;1;4;3;4;1;3;3;4;11;12;11
341;GP;1;18;U;GT3;T;4;4;teacher;services;home;father;1;2;1;0;1;0;1;1;1;1;0;4;3;3;2;2;2;0;10;10;0
342;GP;1;18;U;LE3;T;3;4;services;other;home;mother;1;2;0;0;0;0;1;1;1;1;1;4;3;3;1;3;5;11;16;15;15
343;GP;0;17;U;GT3;A;2;2;at_home;at_home;home;father;1;2;1;0;1;0;0;1;1;1;1;3;3;1;1;2;4;0;9;8;0
344;GP;0;18;U;GT3;T;2;3;at_home;other;course;mother;1;3;0;0;1;0;0;1;1;1;0;4;3;3;1;2;3;4;11;10;10
345;GP;0;18;U;GT3;T;3;2;other;services;other;mother;1;3;0;0;0;0;0;1;1;1;1;5;4;3;2;3;1;7;13;13;14
346;GP;1;18;R;GT3;T;4;3;teacher;services;course;mother;1;3;0;0;0;0;0;1;1;1;1;5;3;2;1;2;4;9;16;15;16
347;GP;1;18;U;GT3;T;4;3;teacher;other;course;mother;1;3;0;0;1;1;0;1;1;1;1;5;4;5;2;3;5;0;10;10;9
348;GP;0;17;U;GT3;T;4;3;health;other;reputation;mother;1;3;0;0;1;1;1;1;1;1;1;4;4;3;1;3;4;0;13;15;15
349;MS;1;18;R;GT3;T;3;2;other;other;course;mother;2;1;1;0;1;0;0;0;1;1;0;2;5;5;5;5;5;10;11;13;13
350;MS;1;19;R;GT3;T;1;1;other;services;home;other;3;2;3;0;0;0;0;1;1;1;0;5;4;4;3;3;2;8;8;7;8
351;MS;1;17;U;GT3;T;3;3;health;other;course;mother;2;2;0;0;1;1;0;1;1;1;0;4;5;4;2;3;3;2;13;13;13
352;MS;1;18;U;LE3;T;1;3;at_home;services;course;mother;1;1;1;0;0;0;0;1;0;1;1;4;3;3;2;3;3;7;8;7;8
353;MS;1;19;R;GT3;T;1;1;other;other;home;other;3;1;1;0;1;0;0;1;1;1;0;4;4;4;3;3;5;4;8;8;8
354;MS;1;17;R;GT3;T;4;3;services;other;home;mother;2;2;0;0;1;1;1;0;1;1;1;4;5;5;1;3;2;4;13;11;11
355;MS;0;18;U;GT3;T;3;3;services;services;course;father;1;2;0;0;1;0;0;1;1;0;1;5;3;4;1;1;5;0;10;9;9
356;MS;0;17;R;GT3;T;4;4;teacher;services;other;father;2;2;0;0;1;1;1;1;1;1;0;4;3;3;1;2;5;4;12;13;13
357;MS;0;17;U;LE3;A;3;2;services;other;reputation;mother;2;2;0;0;0;0;0;1;1;0;1;1;2;3;1;2;5;2;12;12;11
358;MS;1;18;U;LE3;T;1;1;other;services;home;father;2;1;0;0;0;0;0;0;1;1;1;3;3;2;1;2;3;4;10;10;10
359;MS;0;18;U;LE3;T;1;1;at_home;services;course;father;2;3;0;0;0;0;0;1;1;1;0;5;3;2;1;1;4;0;18;16;16
360;MS;0;18;R;LE3;A;1;4;at_home;other;course;mother;3;2;0;0;0;0;0;1;1;0;1;4;3;4;1;4;5;0;13;13;13
361;MS;1;18;R;LE3;T;1;1;at_home;other;other;mother;2;2;1;0;0;0;1;0;0;0;0;4;4;3;2;3;5;2;13;12;12
362;MS;0;18;U;GT3;T;3;3;services;services;other;mother;2;2;0;0;1;0;0;1;1;1;1;4;3;2;1;3;3;0;11;11;10
363;MS;0;17;U;LE3;T;4;4;at_home;at_home;course;mother;1;2;0;0;1;1;1;1;1;1;1;2;3;4;1;1;1;0;16;15;15
364;MS;0;17;R;GT3;T;1;2;other;services;course;father;2;2;0;0;0;0;0;0;1;0;0;3;2;2;1;2;3;0;12;11;12
365;MS;1;18;R;GT3;T;1;3;at_home;other;course;mother;2;2;0;0;1;1;0;1;1;0;0;3;3;4;2;4;3;4;10;10;10
366;MS;1;18;U;LE3;T;4;4;teacher;services;other;mother;2;3;0;0;0;1;0;1;1;1;1;4;2;2;2;2;5;0;13;13;13
367;MS;0;17;R;GT3;T;1;1;other;services;reputation;mother;3;1;1;0;1;1;0;1;1;1;1;5;2;1;1;2;1;0;7;6;0
368;MS;0;18;U;GT3;T;2;3;at_home;services;course;father;2;1;0;0;1;1;0;1;1;1;1;5;2;3;1;2;4;0;11;10;10
369;MS;0;18;R;GT3;T;4;4;other;teacher;other;father;3;2;0;0;1;1;0;0;1;1;1;3;2;2;4;2;5;10;14;12;11
370;MS;0;19;U;LE3;T;3;2;services;services;home;other;2;2;2;0;0;0;1;1;1;0;1;3;2;2;1;1;3;4;7;7;9
371;MS;1;18;R;LE3;T;1;2;at_home;services;other;father;3;1;0;0;1;1;1;1;0;1;1;4;3;3;2;3;3;3;14;12;12
372;MS;0;17;U;GT3;T;2;2;other;at_home;home;mother;1;3;0;0;0;0;1;1;1;0;1;3;4;3;1;1;3;8;13;11;11
373;MS;0;17;R;GT3;T;1;2;other;other;course;mother;1;1;0;0;0;0;1;1;1;1;0;3;5;5;1;3;1;14;6;5;5
374;MS;0;18;R;LE3;T;4;4;other;other;reputation;mother;2;3;0;0;0;0;0;1;1;1;0;5;4;4;1;1;1;0;19;18;19
375;MS;0;18;R;GT3;T;1;1;other;other;home;mother;4;3;0;0;0;0;0;1;1;1;0;4;3;2;1;2;4;2;8;8;10
376;MS;0;20;U;GT3;T;4;2;health;other;course;other;2;3;2;0;1;1;0;0;1;1;1;5;4;3;1;1;3;4;15;14;15
377;MS;0;18;R;LE3;T;4;4;teacher;services;course;mother;1;2;0;0;0;1;1;1;1;1;0;5;4;3;3;4;2;4;8;9;10
378;MS;0;18;U;GT3;T;3;3;other;other;home;mother;1;2;0;0;0;1;0;1;1;1;1;4;1;3;1;2;1;0;15;15;15
379;MS;0;17;R;GT3;T;3;1;at_home;other;reputation;mother;1;2;0;0;1;1;1;0;1;1;0;4;5;4;2;3;1;17;10;10;10
380;MS;1;18;U;GT3;T;4;4;teacher;teacher;home;father;1;2;0;0;0;1;1;0;1;1;0;3;2;4;1;4;2;4;15;14;14
381;MS;1;18;R;GT3;T;2;1;other;other;other;mother;2;1;0;0;0;0;1;0;1;1;1;4;4;3;1;3;5;5;7;6;7
382;MS;1;17;U;GT3;T;2;3;other;services;home;father;2;2;0;0;0;0;1;1;1;1;0;4;4;3;1;1;3;2;11;11;10
383;MS;1;19;R;GT3;T;1;1;other;services;other;mother;2;1;1;0;0;0;0;1;1;0;0;4;3;2;1;3;5;0;6;5;0
384;MS;1;18;R;GT3;T;4;2;other;other;home;father;2;1;1;0;0;1;0;1;1;0;0;5;4;3;4;3;3;14;6;5;5
385;MS;0;18;R;GT3;T;2;2;at_home;other;other;mother;2;3;0;0;0;1;0;1;1;0;0;5;3;3;1;3;4;2;10;9;10
386;MS;0;18;R;GT3;T;4;4;teacher;at_home;reputation;mother;3;1;0;0;1;1;1;1;1;1;1;4;4;3;2;2;5;7;6;5;6
387;MS;0;19;R;GT3;T;2;3;services;other;course;mother;1;3;1;0;0;0;1;0;1;1;0;5;4;2;1;2;5;0;7;5;0
388;MS;0;18;U;LE3;T;3;1;teacher;services;course;mother;1;2;0;0;1;1;0;1;1;1;0;4;3;4;1;1;1;0;7;9;8
389;MS;0;18;U;GT3;T;1;1;other;other;course;mother;2;2;1;0;0;0;1;1;1;0;0;1;1;1;1;1;5;0;6;5;0
390;MS;1;20;U;LE3;A;2;2;services;services;course;other;1;2;2;0;1;1;0;1;1;0;0;5;5;4;4;5;4;11;9;9;9
391;MS;1;17;U;LE3;T;3;1;services;services;course;mother;2;1;0;0;0;0;0;0;1;1;0;2;4;5;3;4;2;3;14;16;16
392;MS;1;21;R;GT3;T;1;1;other;other;course;other;1;1;3;0;0;0;0;0;1;0;0;5;5;3;3;3;3;3;10;8;7
393;MS;1;18;R;LE3;T;3;2;services;other;course;mother;3;1;0;0;0;0;0;0;1;1;0;4;4;1;3;4;5;0;11;12;10
394;MS;1;19;U;LE3;T;1;1;other;at_home;course;father;1;1;0;0;0;0;0;1;1;1;0;3;2;3;3;3;5;5;8;9;9
